"Soort misdrijf";"Perioden";"Wijken en buurten";"Geregistreerde misdrijven (aantal)"
"1.2.3 Diefstal van brom-, snor-, fietsen";"2024";"Planciusbuurt-Noord";"       4"
"1.2.3 Diefstal van brom-, snor-, fietsen";"2024";"Westelijke eilanden";"      30"
"1.2.3 Diefstal van brom-, snor-, fietsen";"2024";"Westerdokseiland";"      22"
"1.2.3 Diefstal van brom-, snor-, fietsen";"2024";"Planciusbuurt-Zuid";"       1"
"1.2.3 Diefstal van brom-, snor-, fietsen";"2024";"Haarlemmerbuurt-West";"      46"
"1.2.3 Diefstal van brom-, snor-, fietsen";"2024";"Haarlemmerbuurt-Oost";"      43"
"1.2.3 Diefstal van brom-, snor-, fietsen";"2024";"Marnixbuurt-Noord";"      25"
"1.2.3 Diefstal van brom-, snor-, fietsen";"2024";"Driehoekbuurt";"      32"
"1.2.3 Diefstal van brom-, snor-, fietsen";"2024";"Anjeliersbuurt-Noord";"      42"
"1.2.3 Diefstal van brom-, snor-, fietsen";"2024";"Zaagpoortbuurt";"      28"
"1.2.3 Diefstal van brom-, snor-, fietsen";"2024";"Anjeliersbuurt-Zuid";"      34"
"1.2.3 Diefstal van brom-, snor-, fietsen";"2024";"Marnixbuurt-Midden";"      11"
"1.2.3 Diefstal van brom-, snor-, fietsen";"2024";"Bloemgrachtbuurt";"      49"
"1.2.3 Diefstal van brom-, snor-, fietsen";"2024";"Groenmarktkadebuurt";"       7"
"1.2.3 Diefstal van brom-, snor-, fietsen";"2024";"Marnixbuurt-Zuid";"      23"
"1.2.3 Diefstal van brom-, snor-, fietsen";"2024";"Elandsgrachtbuurt";"      68"
"1.2.3 Diefstal van brom-, snor-, fietsen";"2024";"Passeerdersgrachtbuurt";"      11"
"1.2.3 Diefstal van brom-, snor-, fietsen";"2024";"Langestraat e.o.";"      28"
"1.2.3 Diefstal van brom-, snor-, fietsen";"2024";"Leliegracht e.o.";"      35"
"1.2.3 Diefstal van brom-, snor-, fietsen";"2024";"Felix Meritisbuurt";"      55"
"1.2.3 Diefstal van brom-, snor-, fietsen";"2024";"Leidsegracht-Noord";"      27"
"1.2.3 Diefstal van brom-, snor-, fietsen";"2024";"Stationsplein e.o.";"     137"
"1.2.3 Diefstal van brom-, snor-, fietsen";"2024";"Hemelrijk";"      27"
"1.2.3 Diefstal van brom-, snor-, fietsen";"2024";"Nieuwendijk-Noord";"      34"
"1.2.3 Diefstal van brom-, snor-, fietsen";"2024";"Spuistraat-Noord";"      40"
"1.2.3 Diefstal van brom-, snor-, fietsen";"2024";"Nieuwe Kerk e.o.";"      19"
"1.2.3 Diefstal van brom-, snor-, fietsen";"2024";"Spuistraat-Zuid";"      55"
"1.2.3 Diefstal van brom-, snor-, fietsen";"2024";"Begijnhofbuurt";"      22"
"1.2.3 Diefstal van brom-, snor-, fietsen";"2024";"Kalverdriehoek";"      44"
"1.2.3 Diefstal van brom-, snor-, fietsen";"2024";"Kop Zeedijk";"      53"
"1.2.3 Diefstal van brom-, snor-, fietsen";"2024";"Oude Kerk e.o.";"      80"
"1.2.3 Diefstal van brom-, snor-, fietsen";"2024";"Burgwallen-Oost";"      38"
"1.2.3 Diefstal van brom-, snor-, fietsen";"2024";"Nes e.o.";"      74"
"1.2.3 Diefstal van brom-, snor-, fietsen";"2024";"BG-terrein e.o.";"      21"
"1.2.3 Diefstal van brom-, snor-, fietsen";"2024";"Oosterdokseiland";"      52"
"1.2.3 Diefstal van brom-, snor-, fietsen";"2024";"Lastage";"      25"
"1.2.3 Diefstal van brom-, snor-, fietsen";"2024";"Scheepvaarthuisbuurt";"      33"
"1.2.3 Diefstal van brom-, snor-, fietsen";"2024";"Rapenburg";"      28"
"1.2.3 Diefstal van brom-, snor-, fietsen";"2024";"Nieuwmarkt";"      38"
"1.2.3 Diefstal van brom-, snor-, fietsen";"2024";"Uilenburg";"      24"
"1.2.3 Diefstal van brom-, snor-, fietsen";"2024";"Valkenburg";"      23"
"1.2.3 Diefstal van brom-, snor-, fietsen";"2024";"Zuiderkerkbuurt";"      19"
"1.2.3 Diefstal van brom-, snor-, fietsen";"2024";"Waterloopleinbuurt";"      30"
"1.2.3 Diefstal van brom-, snor-, fietsen";"2024";"Leidsegracht-Zuid";"      27"
"1.2.3 Diefstal van brom-, snor-, fietsen";"2024";"Geelvinckbuurt";"      31"
"1.2.3 Diefstal van brom-, snor-, fietsen";"2024";"Rembrandtplein e.o.";"      80"
"1.2.3 Diefstal van brom-, snor-, fietsen";"2024";"Spiegelbuurt";"      22"
"1.2.3 Diefstal van brom-, snor-, fietsen";"2024";"Vijzelstraatbuurt";"      45"
"1.2.3 Diefstal van brom-, snor-, fietsen";"2024";"Amstelveldbuurt";"      43"
"1.2.3 Diefstal van brom-, snor-, fietsen";"2024";"Leidsebuurt-Noordwest";"      20"
"1.2.3 Diefstal van brom-, snor-, fietsen";"2024";"Leidsebuurt-Noordoost";"      68"
"1.2.3 Diefstal van brom-, snor-, fietsen";"2024";"Weteringbuurt";"      59"
"1.2.3 Diefstal van brom-, snor-, fietsen";"2024";"Utrechtsebuurt-Zuid";"      15"
"1.2.3 Diefstal van brom-, snor-, fietsen";"2024";"Leidsebuurt-Zuidwest";"      37"
"1.2.3 Diefstal van brom-, snor-, fietsen";"2024";"Leidsebuurt-Zuidoost";"      91"
"1.2.3 Diefstal van brom-, snor-, fietsen";"2024";"Den Texbuurt";"      42"
"1.2.3 Diefstal van brom-, snor-, fietsen";"2024";"Frederikspleinbuurt";"      21"
"1.2.3 Diefstal van brom-, snor-, fietsen";"2024";"Weesperbuurt";"      62"
"1.2.3 Diefstal van brom-, snor-, fietsen";"2024";"Plantage";"      80"
"1.2.3 Diefstal van brom-, snor-, fietsen";"2024";"Sarphatistrook";"      78"
"1.2.3 Diefstal van brom-, snor-, fietsen";"2024";"Alexanderplein e.o.";"      16"
"1.2.3 Diefstal van brom-, snor-, fietsen";"2024";"Marine-Etablissement";"       7"
"1.2.3 Diefstal van brom-, snor-, fietsen";"2024";"Kattenburg";"      11"
"1.2.3 Diefstal van brom-, snor-, fietsen";"2024";"Wittenburg";"      10"
"1.2.3 Diefstal van brom-, snor-, fietsen";"2024";"Oostenburg";"      56"
"1.2.3 Diefstal van brom-, snor-, fietsen";"2024";"Czaar Peterbuurt";"      40"
"1.2.3 Diefstal van brom-, snor-, fietsen";"2024";"Het Funen";"       9"
"1.2.3 Diefstal van brom-, snor-, fietsen";"2024";"Kadijken";"      38"
"1.2.3 Diefstal van brom-, snor-, fietsen";"2024";"Kazernebuurt";"      22"
"1.2.3 Diefstal van brom-, snor-, fietsen";"2024";"Afrikahaven";"       3"
"1.2.3 Diefstal van brom-, snor-, fietsen";"2024";"Amerikahaven";"       1"
"1.2.3 Diefstal van brom-, snor-, fietsen";"2024";"Westhaven-Noord";"       1"
"1.2.3 Diefstal van brom-, snor-, fietsen";"2024";"Petroleumhaven";"       0"
"1.2.3 Diefstal van brom-, snor-, fietsen";"2024";"Vervoerscentrum";"       6"
"1.2.3 Diefstal van brom-, snor-, fietsen";"2024";"Westhaven-Zuid";"       1"
"1.2.3 Diefstal van brom-, snor-, fietsen";"2024";"Coenhaven";"       3"
"1.2.3 Diefstal van brom-, snor-, fietsen";"2024";"Vlothaven";"       0"
"1.2.3 Diefstal van brom-, snor-, fietsen";"2024";"Minervahaven-Noordoost";"       3"
"1.2.3 Diefstal van brom-, snor-, fietsen";"2024";"Minervahaven-Noordwest";"       1"
"1.2.3 Diefstal van brom-, snor-, fietsen";"2024";"Minervahaven-Zuidwest";"       1"
"1.2.3 Diefstal van brom-, snor-, fietsen";"2024";"Minervahaven-Zuidoost";"       8"
"1.2.3 Diefstal van brom-, snor-, fietsen";"2024";"Alfa-driehoek";"       0"
"1.2.3 Diefstal van brom-, snor-, fietsen";"2024";"Hemknoop-Noord";"       2"
"1.2.3 Diefstal van brom-, snor-, fietsen";"2024";"Isolatorbuurt";"       5"
"1.2.3 Diefstal van brom-, snor-, fietsen";"2024";"Contactbuurt";"       2"
"1.2.3 Diefstal van brom-, snor-, fietsen";"2024";"Woon- en Groengebied Sloterdijk";"      17"
"1.2.3 Diefstal van brom-, snor-, fietsen";"2024";"Hemknoop-Zuid";"       3"
"1.2.3 Diefstal van brom-, snor-, fietsen";"2024";"Overbraker Binnenpolder";"       0"
"1.2.3 Diefstal van brom-, snor-, fietsen";"2024";"Zaanstraat emplacement";"       0"
"1.2.3 Diefstal van brom-, snor-, fietsen";"2024";"Spaarndammerbuurt-Noordwest";"      21"
"1.2.3 Diefstal van brom-, snor-, fietsen";"2024";"Spaarndammerbuurt-Midden";"      11"
"1.2.3 Diefstal van brom-, snor-, fietsen";"2024";"Spaarndammerbuurt-Zuidwest";"      14"
"1.2.3 Diefstal van brom-, snor-, fietsen";"2024";"Spaarndammerbuurt-Noordoost";"      15"
"1.2.3 Diefstal van brom-, snor-, fietsen";"2024";"Zeeheldenbuurt";"      18"
"1.2.3 Diefstal van brom-, snor-, fietsen";"2024";"Westergasfabriek";"      43"
"1.2.3 Diefstal van brom-, snor-, fietsen";"2024";"Spaarndammerbuurt-Zuidoost";"      10"
"1.2.3 Diefstal van brom-, snor-, fietsen";"2024";"Houthavens-West";"      31"
"1.2.3 Diefstal van brom-, snor-, fietsen";"2024";"Houthavens-Oost";"       2"
"1.2.3 Diefstal van brom-, snor-, fietsen";"2024";"Kolenkitbuurt-Noord";"      28"
"1.2.3 Diefstal van brom-, snor-, fietsen";"2024";"Kolenkitbuurt-Zuid";"      16"
"1.2.3 Diefstal van brom-, snor-, fietsen";"2024";"Laan van Spartaan";"      19"
"1.2.3 Diefstal van brom-, snor-, fietsen";"2024";"Robert Scottbuurt-West";"      16"
"1.2.3 Diefstal van brom-, snor-, fietsen";"2024";"Bosleeuw";"      45"
"1.2.3 Diefstal van brom-, snor-, fietsen";"2024";"Gibraltarbuurt";"      28"
"1.2.3 Diefstal van brom-, snor-, fietsen";"2024";"Bedrijventerrein Landlust";"      15"
"1.2.3 Diefstal van brom-, snor-, fietsen";"2024";"Landlust-Noord";"      17"
"1.2.3 Diefstal van brom-, snor-, fietsen";"2024";"Erasmusparkbuurt-Oost";"      28"
"1.2.3 Diefstal van brom-, snor-, fietsen";"2024";"Landlust-Zuid";"      39"
"1.2.3 Diefstal van brom-, snor-, fietsen";"2024";"Robert Scottbuurt-Oost";"      12"
"1.2.3 Diefstal van brom-, snor-, fietsen";"2024";"Erasmusparkbuurt-West";"      55"
"1.2.3 Diefstal van brom-, snor-, fietsen";"2024";"Bedrijvencentrum Westerkwartier";"      29"
"1.2.3 Diefstal van brom-, snor-, fietsen";"2024";"GWL-terrein";"       3"
"1.2.3 Diefstal van brom-, snor-, fietsen";"2024";"Markthallen";"       3"
"1.2.3 Diefstal van brom-, snor-, fietsen";"2024";"Marcanti";"      10"
"1.2.3 Diefstal van brom-, snor-, fietsen";"2024";"Westerstaatsman";"      24"
"1.2.3 Diefstal van brom-, snor-, fietsen";"2024";"Fannius Scholtenbuurt";"      25"
"1.2.3 Diefstal van brom-, snor-, fietsen";"2024";"Staatsliedenbuurt-Noordoost";"       7"
"1.2.3 Diefstal van brom-, snor-, fietsen";"2024";"De Wittenbuurt-Noord";"      13"
"1.2.3 Diefstal van brom-, snor-, fietsen";"2024";"De Wittenbuurt-Zuid";"       6"
"1.2.3 Diefstal van brom-, snor-, fietsen";"2024";"Buyskade e.o.";"      27"
"1.2.3 Diefstal van brom-, snor-, fietsen";"2024";"Frederik Hendrikbuurt-Noord";"      47"
"1.2.3 Diefstal van brom-, snor-, fietsen";"2024";"Frederik Hendrikbuurt-Zuidwest";"      14"
"1.2.3 Diefstal van brom-, snor-, fietsen";"2024";"Frederik Hendrikbuurt-Zuidoost";"      57"
"1.2.3 Diefstal van brom-, snor-, fietsen";"2024";"Mercatorpark";"       8"
"1.2.3 Diefstal van brom-, snor-, fietsen";"2024";"Orteliusbuurt-Noord";"       6"
"1.2.3 Diefstal van brom-, snor-, fietsen";"2024";"Jan Maijenbuurt";"      22"
"1.2.3 Diefstal van brom-, snor-, fietsen";"2024";"John Franklinbuurt";"      13"
"1.2.3 Diefstal van brom-, snor-, fietsen";"2024";"Pieter van der Doesbuurt";"      13"
"1.2.3 Diefstal van brom-, snor-, fietsen";"2024";"Trompbuurt";"      38"
"1.2.3 Diefstal van brom-, snor-, fietsen";"2024";"Geuzenhofbuurt";"       9"
"1.2.3 Diefstal van brom-, snor-, fietsen";"2024";"Orteliusbuurt-Midden";"      17"
"1.2.3 Diefstal van brom-, snor-, fietsen";"2024";"Balboaplein e.o.";"      30"
"1.2.3 Diefstal van brom-, snor-, fietsen";"2024";"Orteliusbuurt-Zuid";"       9"
"1.2.3 Diefstal van brom-, snor-, fietsen";"2024";"Columbusplein e.o.";"      32"
"1.2.3 Diefstal van brom-, snor-, fietsen";"2024";"Filips van Almondekwartier";"      11"
"1.2.3 Diefstal van brom-, snor-, fietsen";"2024";"Kortenaerkwartier";"      19"
"1.2.3 Diefstal van brom-, snor-, fietsen";"2024";"Van Brakelkwartier";"      11"
"1.2.3 Diefstal van brom-, snor-, fietsen";"2024";"De Wester Quartier";"      16"
"1.2.3 Diefstal van brom-, snor-, fietsen";"2024";"Bellamybuurt-Noord";"      33"
"1.2.3 Diefstal van brom-, snor-, fietsen";"2024";"Bellamybuurt-Zuid";"      73"
"1.2.3 Diefstal van brom-, snor-, fietsen";"2024";"Da Costabuurt-Noord";"      98"
"1.2.3 Diefstal van brom-, snor-, fietsen";"2024";"Postjeskade e.o.";"      21"
"1.2.3 Diefstal van brom-, snor-, fietsen";"2024";"Paramariboplein e.o.";"      49"
"1.2.3 Diefstal van brom-, snor-, fietsen";"2024";"Lootsbuurt";"      19"
"1.2.3 Diefstal van brom-, snor-, fietsen";"2024";"Borgerbuurt";"      33"
"1.2.3 Diefstal van brom-, snor-, fietsen";"2024";"Da Costabuurt-Zuid";"      26"
"1.2.3 Diefstal van brom-, snor-, fietsen";"2024";"Cremerbuurt-West";"      67"
"1.2.3 Diefstal van brom-, snor-, fietsen";"2024";"Vondelparkbuurt-West";"      36"
"1.2.3 Diefstal van brom-, snor-, fietsen";"2024";"Cremerbuurt-Oost";"      44"
"1.2.3 Diefstal van brom-, snor-, fietsen";"2024";"WG-terrein";"      58"
"1.2.3 Diefstal van brom-, snor-, fietsen";"2024";"Helmersbuurt-Oost";"      46"
"1.2.3 Diefstal van brom-, snor-, fietsen";"2024";"Vondelparkbuurt-Midden";"      22"
"1.2.3 Diefstal van brom-, snor-, fietsen";"2024";"Vondelparkbuurt-Oost";"      24"
"1.2.3 Diefstal van brom-, snor-, fietsen";"2024";"Sloterdijk De Heining";"       1"
"1.2.3 Diefstal van brom-, snor-, fietsen";"2024";"Sloterdijk Poort-Noord";"       3"
"1.2.3 Diefstal van brom-, snor-, fietsen";"2024";"Sloterdijk Poort-Zuid";"       4"
"1.2.3 Diefstal van brom-, snor-, fietsen";"2024";"Sloterdijk Rhônepark";"       8"
"1.2.3 Diefstal van brom-, snor-, fietsen";"2024";"Sloterdijk Donauhoek";"       5"
"1.2.3 Diefstal van brom-, snor-, fietsen";"2024";"Bretten-West";"       0"
"1.2.3 Diefstal van brom-, snor-, fietsen";"2024";"Bretten-Oost";"       5"
"1.2.3 Diefstal van brom-, snor-, fietsen";"2024";"Sloterdijk Stationskwartier";"     206"
"1.2.3 Diefstal van brom-, snor-, fietsen";"2024";"Osdorper Binnenpolder";"      10"
"1.2.3 Diefstal van brom-, snor-, fietsen";"2024";"De Eendracht";"       7"
"1.2.3 Diefstal van brom-, snor-, fietsen";"2024";"Ruys de Beerenbrouckbuurt";"      13"
"1.2.3 Diefstal van brom-, snor-, fietsen";"2024";"Eendrachtspark";"       0"
"1.2.3 Diefstal van brom-, snor-, fietsen";"2024";"Van Tijenbuurt";"       4"
"1.2.3 Diefstal van brom-, snor-, fietsen";"2024";"Dudokbuurt";"       9"
"1.2.3 Diefstal van brom-, snor-, fietsen";"2024";"Bakemabuurt";"       7"
"1.2.3 Diefstal van brom-, snor-, fietsen";"2024";"Wegener Sleeswijkbuurt";"       3"
"1.2.3 Diefstal van brom-, snor-, fietsen";"2024";"Jan de Louterbuurt";"      19"
"1.2.3 Diefstal van brom-, snor-, fietsen";"2024";"Lodewijk van Deysselbuurt";"      13"
"1.2.3 Diefstal van brom-, snor-, fietsen";"2024";"Confuciusbuurt";"      15"
"1.2.3 Diefstal van brom-, snor-, fietsen";"2024";"Arondeusbuurt";"      10"
"1.2.3 Diefstal van brom-, snor-, fietsen";"2024";"Coronelbuurt";"       7"
"1.2.3 Diefstal van brom-, snor-, fietsen";"2024";"Meerwaldtbuurt";"      10"
"1.2.3 Diefstal van brom-, snor-, fietsen";"2024";"Dobbebuurt";"      22"
"1.2.3 Diefstal van brom-, snor-, fietsen";"2024";"Dichtersbuurt";"       7"
"1.2.3 Diefstal van brom-, snor-, fietsen";"2024";"Louis Couperusbuurt";"      16"
"1.2.3 Diefstal van brom-, snor-, fietsen";"2024";"Noordoever Sloterplas";"      33"
"1.2.3 Diefstal van brom-, snor-, fietsen";"2024";"Sloterpark";"      12"
"1.2.3 Diefstal van brom-, snor-, fietsen";"2024";"Osdorper Bovenpolder";"       3"
"1.2.3 Diefstal van brom-, snor-, fietsen";"2024";"Ookmeer";"       7"
"1.2.3 Diefstal van brom-, snor-, fietsen";"2024";"Bedrijvenpark Lutkemeer";"       0"
"1.2.3 Diefstal van brom-, snor-, fietsen";"2024";"Middelveldsche Akerpolder";"       8"
"1.2.3 Diefstal van brom-, snor-, fietsen";"2024";"De Aker-West";"       8"
"1.2.3 Diefstal van brom-, snor-, fietsen";"2024";"De Aker-Oost";"      11"
"1.2.3 Diefstal van brom-, snor-, fietsen";"2024";"Bedrijvencentrum Osdorp";"      13"
"1.2.3 Diefstal van brom-, snor-, fietsen";"2024";"Dijkgraafpleinbuurt";"      17"
"1.2.3 Diefstal van brom-, snor-, fietsen";"2024";"Reimerswaal";"      12"
"1.2.3 Diefstal van brom-, snor-, fietsen";"2024";"Botteskerkbuurt";"       9"
"1.2.3 Diefstal van brom-, snor-, fietsen";"2024";"Zuidwestkwadrant-Noord";"      15"
"1.2.3 Diefstal van brom-, snor-, fietsen";"2024";"Zuidwestkwadrant-Zuid";"      35"
"1.2.3 Diefstal van brom-, snor-, fietsen";"2024";"Wildeman";"      13"
"1.2.3 Diefstal van brom-, snor-, fietsen";"2024";"Meer en Oever";"      14"
"1.2.3 Diefstal van brom-, snor-, fietsen";"2024";"Osdorpplein e.o.";"      33"
"1.2.3 Diefstal van brom-, snor-, fietsen";"2024";"Calandlaan/Lelylaan";"       5"
"1.2.3 Diefstal van brom-, snor-, fietsen";"2024";"Osdorp-Zuidoost";"      23"
"1.2.3 Diefstal van brom-, snor-, fietsen";"2024";"Oostoever Sloterplas";"       5"
"1.2.3 Diefstal van brom-, snor-, fietsen";"2024";"Emanuel van Meterenbuurt";"      16"
"1.2.3 Diefstal van brom-, snor-, fietsen";"2024";"Jacob Geelbuurt";"      71"
"1.2.3 Diefstal van brom-, snor-, fietsen";"2024";"Lucas/Andreasziekenhuis e.o.";"      13"
"1.2.3 Diefstal van brom-, snor-, fietsen";"2024";"Overtoomse Veld-Noord";"      31"
"1.2.3 Diefstal van brom-, snor-, fietsen";"2024";"Rembrandtpark-Noord";"      23"
"1.2.3 Diefstal van brom-, snor-, fietsen";"2024";"Overtoomse Veld-Zuid";"      32"
"1.2.3 Diefstal van brom-, snor-, fietsen";"2024";"Rembrandtpark-Zuid";"      15"
"1.2.3 Diefstal van brom-, snor-, fietsen";"2024";"Johan Jongkindbuurt";"       3"
"1.2.3 Diefstal van brom-, snor-, fietsen";"2024";"Louis Crispijnbuurt";"      23"
"1.2.3 Diefstal van brom-, snor-, fietsen";"2024";"Jacques Veltmanbuurt";"      42"
"1.2.3 Diefstal van brom-, snor-, fietsen";"2024";"Medisch Centrum Slotervaart";"       8"
"1.2.3 Diefstal van brom-, snor-, fietsen";"2024";"Staalmanbuurt";"      23"
"1.2.3 Diefstal van brom-, snor-, fietsen";"2024";"Schipluidenbuurt";"      13"
"1.2.3 Diefstal van brom-, snor-, fietsen";"2024";"Koningin Wilhelminaplein";"      41"
"1.2.3 Diefstal van brom-, snor-, fietsen";"2024";"Andreasterrein";"      26"
"1.2.3 Diefstal van brom-, snor-, fietsen";"2024";"Delflandpleinbuurt-West";"      72"
"1.2.3 Diefstal van brom-, snor-, fietsen";"2024";"Delflandpleinbuurt-Oost";"      18"
"1.2.3 Diefstal van brom-, snor-, fietsen";"2024";"Riekerhaven";"      20"
"1.2.3 Diefstal van brom-, snor-, fietsen";"2024";"Dorp Sloten";"       6"
"1.2.3 Diefstal van brom-, snor-, fietsen";"2024";"Nieuw-Sloten-Noordwest";"       9"
"1.2.3 Diefstal van brom-, snor-, fietsen";"2024";"Nieuw-Sloten-Noordoost";"      10"
"1.2.3 Diefstal van brom-, snor-, fietsen";"2024";"Nieuw-Sloten-Zuidwest";"       4"
"1.2.3 Diefstal van brom-, snor-, fietsen";"2024";"Belgiëplein e.o.";"      11"
"1.2.3 Diefstal van brom-, snor-, fietsen";"2024";"Nieuw-Sloten-Zuidoost";"       8"
"1.2.3 Diefstal van brom-, snor-, fietsen";"2024";"Sloterweg e.o.";"       1"
"1.2.3 Diefstal van brom-, snor-, fietsen";"2024";"Park Haagseweg";"       3"
"1.2.3 Diefstal van brom-, snor-, fietsen";"2024";"Riekerpolder";"       8"
"1.2.3 Diefstal van brom-, snor-, fietsen";"2024";"Nieuwe Meer";"       3"
"1.2.3 Diefstal van brom-, snor-, fietsen";"2024";"Westlandgrachtbuurt";"      60"
"1.2.3 Diefstal van brom-, snor-, fietsen";"2024";"Surinamepleinbuurt";"      34"
"1.2.3 Diefstal van brom-, snor-, fietsen";"2024";"Legmeerpleinbuurt";"      30"
"1.2.3 Diefstal van brom-, snor-, fietsen";"2024";"Aalsmeerwegbuurt-West";"      36"
"1.2.3 Diefstal van brom-, snor-, fietsen";"2024";"Aalsmeerwegbuurt-Oost";"      34"
"1.2.3 Diefstal van brom-, snor-, fietsen";"2024";"Bedrijventerrein Schinkel";"      19"
"1.2.3 Diefstal van brom-, snor-, fietsen";"2024";"Schinkelbuurt-Noord";"      31"
"1.2.3 Diefstal van brom-, snor-, fietsen";"2024";"Schinkelbuurt-Zuid";"      10"
"1.2.3 Diefstal van brom-, snor-, fietsen";"2024";"Vondelpark-West";"       1"
"1.2.3 Diefstal van brom-, snor-, fietsen";"2024";"Willemsparkbuurt-Noord";"      40"
"1.2.3 Diefstal van brom-, snor-, fietsen";"2024";"Valeriusbuurt-West";"      35"
"1.2.3 Diefstal van brom-, snor-, fietsen";"2024";"Valeriusbuurt-Oost";"      46"
"1.2.3 Diefstal van brom-, snor-, fietsen";"2024";"Vondelpark-Oost";"      11"
"1.2.3 Diefstal van brom-, snor-, fietsen";"2024";"Cornelis Schuytbuurt";"      72"
"1.2.3 Diefstal van brom-, snor-, fietsen";"2024";"Concertgebouwbuurt";"      43"
"1.2.3 Diefstal van brom-, snor-, fietsen";"2024";"P.C. Hooftbuurt";"      23"
"1.2.3 Diefstal van brom-, snor-, fietsen";"2024";"Museumplein";"      19"
"1.2.3 Diefstal van brom-, snor-, fietsen";"2024";"Banpleinbuurt";"      25"
"1.2.3 Diefstal van brom-, snor-, fietsen";"2024";"Hondecoeterbuurt";"      36"
"1.2.3 Diefstal van brom-, snor-, fietsen";"2024";"Johannes Vermeerbuurt";"      46"
"1.2.3 Diefstal van brom-, snor-, fietsen";"2024";"Duivelseiland";"      24"
"1.2.3 Diefstal van brom-, snor-, fietsen";"2024";"Harmoniehofbuurt";"      19"
"1.2.3 Diefstal van brom-, snor-, fietsen";"2024";"Frans Halsbuurt";"      61"
"1.2.3 Diefstal van brom-, snor-, fietsen";"2024";"Gerard Doubuurt";"      61"
"1.2.3 Diefstal van brom-, snor-, fietsen";"2024";"Hercules Seghersbuurt";"      48"
"1.2.3 Diefstal van brom-, snor-, fietsen";"2024";"Sarphatiparkbuurt";"     130"
"1.2.3 Diefstal van brom-, snor-, fietsen";"2024";"Hemonybuurt";"      49"
"1.2.3 Diefstal van brom-, snor-, fietsen";"2024";"Cornelis Troostbuurt";"      69"
"1.2.3 Diefstal van brom-, snor-, fietsen";"2024";"Lizzy Ansinghbuurt";"      56"
"1.2.3 Diefstal van brom-, snor-, fietsen";"2024";"Van der Helstpleinbuurt";"      77"
"1.2.3 Diefstal van brom-, snor-, fietsen";"2024";"Willibrordusbuurt";"      45"
"1.2.3 Diefstal van brom-, snor-, fietsen";"2024";"BurgemeesterTellegenbuurt-West";"      27"
"1.2.3 Diefstal van brom-, snor-, fietsen";"2024";"Burgemeester Tellegenbuurt-Oost";"      42"
"1.2.3 Diefstal van brom-, snor-, fietsen";"2024";"Diamantbuurt";"      27"
"1.2.3 Diefstal van brom-, snor-, fietsen";"2024";"Bertelmanpleinbuurt";"       5"
"1.2.3 Diefstal van brom-, snor-, fietsen";"2024";"Olympisch Stadion e.o.";"      37"
"1.2.3 Diefstal van brom-, snor-, fietsen";"2024";"Marathonbuurt-West";"      16"
"1.2.3 Diefstal van brom-, snor-, fietsen";"2024";"Marathonbuurt-Oost";"      32"
"1.2.3 Diefstal van brom-, snor-, fietsen";"2024";"Van Tuyllbuurt";"      51"
"1.2.3 Diefstal van brom-, snor-, fietsen";"2024";"IJsbaanpad e.o.";"      12"
"1.2.3 Diefstal van brom-, snor-, fietsen";"2024";"Hiltonbuurt";"       1"
"1.2.3 Diefstal van brom-, snor-, fietsen";"2024";"Minervabuurt-Noord";"      27"
"1.2.3 Diefstal van brom-, snor-, fietsen";"2024";"Minervabuurt-Midden";"      46"
"1.2.3 Diefstal van brom-, snor-, fietsen";"2024";"Minervabuurt-Zuid";"      47"
"1.2.3 Diefstal van brom-, snor-, fietsen";"2024";"Beethovenbuurt";"      33"
"1.2.3 Diefstal van brom-, snor-, fietsen";"2024";"Diepenbrockbuurt";"      18"
"1.2.3 Diefstal van brom-, snor-, fietsen";"2024";"Wielingenbuurt";"      50"
"1.2.3 Diefstal van brom-, snor-, fietsen";"2024";"Scheldebuurt-West";"      80"
"1.2.3 Diefstal van brom-, snor-, fietsen";"2024";"Scheldebuurt-Midden";"      47"
"1.2.3 Diefstal van brom-, snor-, fietsen";"2024";"Scheldebuurt-Oost";"      43"
"1.2.3 Diefstal van brom-, snor-, fietsen";"2024";"Veluwebuurt";"       8"
"1.2.3 Diefstal van brom-, snor-, fietsen";"2024";"Kop Zuidas";"      35"
"1.2.3 Diefstal van brom-, snor-, fietsen";"2024";"IJselbuurt-West";"      47"
"1.2.3 Diefstal van brom-, snor-, fietsen";"2024";"IJselbuurt-Oost";"      44"
"1.2.3 Diefstal van brom-, snor-, fietsen";"2024";"Kromme Mijdrechtbuurt";"      39"
"1.2.3 Diefstal van brom-, snor-, fietsen";"2024";"Rijnbuurt-West";"      12"
"1.2.3 Diefstal van brom-, snor-, fietsen";"2024";"Rijnbuurt-Midden";"      43"
"1.2.3 Diefstal van brom-, snor-, fietsen";"2024";"Rijnbuurt-Oost";"      23"
"1.2.3 Diefstal van brom-, snor-, fietsen";"2024";"Zorgvlied";"       1"
"1.2.3 Diefstal van brom-, snor-, fietsen";"2024";"Prinses Irenebuurt";"      26"
"1.2.3 Diefstal van brom-, snor-, fietsen";"2024";"Beatrixpark";"       0"
"1.2.3 Diefstal van brom-, snor-, fietsen";"2024";"Zuidas-Noord";"     139"
"1.2.3 Diefstal van brom-, snor-, fietsen";"2024";"RAI";"      32"
"1.2.3 Diefstal van brom-, snor-, fietsen";"2024";"VU-kwartier";"      37"
"1.2.3 Diefstal van brom-, snor-, fietsen";"2024";"Zuidas-Zuid";"      78"
"1.2.3 Diefstal van brom-, snor-, fietsen";"2024";"Vivaldi";"      20"
"1.2.3 Diefstal van brom-, snor-, fietsen";"2024";"Amsterdamse Bos";"       0"
"1.2.3 Diefstal van brom-, snor-, fietsen";"2024";"Zuiderhof";"       7"
"1.2.3 Diefstal van brom-, snor-, fietsen";"2024";"Buitenveldert-West-Midden";"       5"
"1.2.3 Diefstal van brom-, snor-, fietsen";"2024";"Gelderlandpleinbuurt";"      22"
"1.2.3 Diefstal van brom-, snor-, fietsen";"2024";"Buitenveldert-Zuidwest";"      36"
"1.2.3 Diefstal van brom-, snor-, fietsen";"2024";"Buitenveldert-Zuid-Midden";"      18"
"1.2.3 Diefstal van brom-, snor-, fietsen";"2024";"De Klenckebuurt";"       3"
"1.2.3 Diefstal van brom-, snor-, fietsen";"2024";"Buitenveldert-Oost-Midden";"      28"
"1.2.3 Diefstal van brom-, snor-, fietsen";"2024";"Buitenveldert-Zuidoost";"      15"
"1.2.3 Diefstal van brom-, snor-, fietsen";"2024";"Amstelpark";"      11"
"1.2.3 Diefstal van brom-, snor-, fietsen";"2024";"Java-eiland";"       7"
"1.2.3 Diefstal van brom-, snor-, fietsen";"2024";"KNSM-eiland";"      10"
"1.2.3 Diefstal van brom-, snor-, fietsen";"2024";"Oostelijke Handelskade";"      32"
"1.2.3 Diefstal van brom-, snor-, fietsen";"2024";"Rietlanden";"      32"
"1.2.3 Diefstal van brom-, snor-, fietsen";"2024";"Sporenburg";"       5"
"1.2.3 Diefstal van brom-, snor-, fietsen";"2024";"Borneo";"      16"
"1.2.3 Diefstal van brom-, snor-, fietsen";"2024";"Entrepot-Noordwest";"      13"
"1.2.3 Diefstal van brom-, snor-, fietsen";"2024";"Bedrijvengebied Veelaan";"       0"
"1.2.3 Diefstal van brom-, snor-, fietsen";"2024";"Architectenbuurt";"       9"
"1.2.3 Diefstal van brom-, snor-, fietsen";"2024";"Cruquiusbuurt";"      13"
"1.2.3 Diefstal van brom-, snor-, fietsen";"2024";"Bedrijvengebied Zeeburgerkade";"       2"
"1.2.3 Diefstal van brom-, snor-, fietsen";"2024";"Weesperzijde-Noord";"      54"
"1.2.3 Diefstal van brom-, snor-, fietsen";"2024";"Weesperzijde-Midden/Zuid";"      95"
"1.2.3 Diefstal van brom-, snor-, fietsen";"2024";"Parooldriehoek";"      30"
"1.2.3 Diefstal van brom-, snor-, fietsen";"2024";"Oosterparkbuurt-Noordwest";"     103"
"1.2.3 Diefstal van brom-, snor-, fietsen";"2024";"Oosterpark";"      29"
"1.2.3 Diefstal van brom-, snor-, fietsen";"2024";"Oosterparkbuurt-Zuidwest";"      46"
"1.2.3 Diefstal van brom-, snor-, fietsen";"2024";"Oosterparkbuurt-Zuidoost";"      95"
"1.2.3 Diefstal van brom-, snor-, fietsen";"2024";"Transvaalbuurt-West";"      33"
"1.2.3 Diefstal van brom-, snor-, fietsen";"2024";"Transvaalbuurt-Oost";"      53"
"1.2.3 Diefstal van brom-, snor-, fietsen";"2024";"Dapperbuurt-Noord";"      74"
"1.2.3 Diefstal van brom-, snor-, fietsen";"2024";"Dapperbuurt-Zuid";"     110"
"1.2.3 Diefstal van brom-, snor-, fietsen";"2024";"Oostpoort";"     111"
"1.2.3 Diefstal van brom-, snor-, fietsen";"2024";"Timorpleinbuurt-Noord";"      59"
"1.2.3 Diefstal van brom-, snor-, fietsen";"2024";"Timorpleinbuurt-Zuid";"      36"
"1.2.3 Diefstal van brom-, snor-, fietsen";"2024";"Ambonpleinbuurt";"      33"
"1.2.3 Diefstal van brom-, snor-, fietsen";"2024";"Makassarpleinbuurt";"      57"
"1.2.3 Diefstal van brom-, snor-, fietsen";"2024";"Zeeburgerdijk-Oost";"       2"
"1.2.3 Diefstal van brom-, snor-, fietsen";"2024";"Sumatraplantsoenbuurt";"      18"
"1.2.3 Diefstal van brom-, snor-, fietsen";"2024";"Flevopark";"       6"
"1.2.3 Diefstal van brom-, snor-, fietsen";"2024";"Sluisbuurt";"       1"
"1.2.3 Diefstal van brom-, snor-, fietsen";"2024";"Sportheldenbuurt";"      16"
"1.2.3 Diefstal van brom-, snor-, fietsen";"2024";"Oostpunt Zeeburgereiland";"       0"
"1.2.3 Diefstal van brom-, snor-, fietsen";"2024";"Baaibuurt-West";"       1"
"1.2.3 Diefstal van brom-, snor-, fietsen";"2024";"Baaibuurt-Oost";"       6"
"1.2.3 Diefstal van brom-, snor-, fietsen";"2024";"Bovendiep/Diemerpark";"       1"
"1.2.3 Diefstal van brom-, snor-, fietsen";"2024";"Steigereiland-Zuid";"      10"
"1.2.3 Diefstal van brom-, snor-, fietsen";"2024";"Steigereiland-Noord";"       6"
"1.2.3 Diefstal van brom-, snor-, fietsen";"2024";"Rieteilanden-West";"       4"
"1.2.3 Diefstal van brom-, snor-, fietsen";"2024";"Joris Ivenspleinbuurt";"       9"
"1.2.3 Diefstal van brom-, snor-, fietsen";"2024";"Ed Pelsterparkbuurt";"      20"
"1.2.3 Diefstal van brom-, snor-, fietsen";"2024";"Buiteneiland";"       0"
"1.2.3 Diefstal van brom-, snor-, fietsen";"2024";"Pampusbuurt-West";"       0"
"1.2.3 Diefstal van brom-, snor-, fietsen";"2024";"Pampusbuurt-Oost";"       0"
"1.2.3 Diefstal van brom-, snor-, fietsen";"2024";"Centrumeiland";"       4"
"1.2.3 Diefstal van brom-, snor-, fietsen";"2024";"Muidenbuurt-West";"       0"
"1.2.3 Diefstal van brom-, snor-, fietsen";"2024";"Havenkwartier IJburg";"      10"
"1.2.3 Diefstal van brom-, snor-, fietsen";"2024";"Theo van Goghparkbuurt";"       8"
"1.2.3 Diefstal van brom-, snor-, fietsen";"2024";"Rieteiland-Oost";"       1"
"1.2.3 Diefstal van brom-, snor-, fietsen";"2024";"Van der Kunbuurt";"      32"
"1.2.3 Diefstal van brom-, snor-, fietsen";"2024";"De Eenhoorn";"      31"
"1.2.3 Diefstal van brom-, snor-, fietsen";"2024";"Don Bosco";"      38"
"1.2.3 Diefstal van brom-, snor-, fietsen";"2024";"Julianapark";"      73"
"1.2.3 Diefstal van brom-, snor-, fietsen";"2024";"Frankendael";"       4"
"1.2.3 Diefstal van brom-, snor-, fietsen";"2024";"Tuindorp Amstelstation";"       4"
"1.2.3 Diefstal van brom-, snor-, fietsen";"2024";"De Wetbuurt";"      11"
"1.2.3 Diefstal van brom-, snor-, fietsen";"2024";"Tuindorp Frankendael";"      21"
"1.2.3 Diefstal van brom-, snor-, fietsen";"2024";"Linnaeusparkbuurt";"      52"
"1.2.3 Diefstal van brom-, snor-, fietsen";"2024";"Middenmeer-Noord";"      44"
"1.2.3 Diefstal van brom-, snor-, fietsen";"2024";"Middenmeer-Zuid";"      52"
"1.2.3 Diefstal van brom-, snor-, fietsen";"2024";"Science Park-Noord";"      30"
"1.2.3 Diefstal van brom-, snor-, fietsen";"2024";"Science Park-Zuid";"      16"
"1.2.3 Diefstal van brom-, snor-, fietsen";"2024";"Sportpark Middenmeer-Zuid";"      16"
"1.2.3 Diefstal van brom-, snor-, fietsen";"2024";"Sportpark Middenmeer-Noord";"       6"
"1.2.3 Diefstal van brom-, snor-, fietsen";"2024";"Park de Meer";"       9"
"1.2.3 Diefstal van brom-, snor-, fietsen";"2024";"Sportpark Voorland";"       2"
"1.2.3 Diefstal van brom-, snor-, fietsen";"2024";"Drieburg";"       4"
"1.2.3 Diefstal van brom-, snor-, fietsen";"2024";"Nieuwe Oosterbegraafplaats";"       0"
"1.2.3 Diefstal van brom-, snor-, fietsen";"2024";"Betondorp";"      12"
"1.2.3 Diefstal van brom-, snor-, fietsen";"2024";"De Omval";"      13"
"1.2.3 Diefstal van brom-, snor-, fietsen";"2024";"Overamstel";"       0"
"1.2.3 Diefstal van brom-, snor-, fietsen";"2024";"Amstelglorie";"       2"
"1.2.3 Diefstal van brom-, snor-, fietsen";"2024";"Amstelkwartier-West";"       7"
"1.2.3 Diefstal van brom-, snor-, fietsen";"2024";"Amstelkwartier-Noord";"      52"
"1.2.3 Diefstal van brom-, snor-, fietsen";"2024";"Amstelkwartier-Zuid";"       5"
"1.2.3 Diefstal van brom-, snor-, fietsen";"2024";"Weespertrekvaart";"      14"
"1.2.3 Diefstal van brom-, snor-, fietsen";"2024";"Noorder IJplas";"       0"
"1.2.3 Diefstal van brom-, snor-, fietsen";"2024";"Melkweg/Oostzanerwerf";"       2"
"1.2.3 Diefstal van brom-, snor-, fietsen";"2024";"Walvisbuurt";"       4"
"1.2.3 Diefstal van brom-, snor-, fietsen";"2024";"Twiske-West";"      10"
"1.2.3 Diefstal van brom-, snor-, fietsen";"2024";"Oostzanerdijk";"       1"
"1.2.3 Diefstal van brom-, snor-, fietsen";"2024";"Circus/Kermisbuurt";"       2"
"1.2.3 Diefstal van brom-, snor-, fietsen";"2024";"Molenwijk";"      17"
"1.2.3 Diefstal van brom-, snor-, fietsen";"2024";"Cornelis Douwesterrein-West";"       1"
"1.2.3 Diefstal van brom-, snor-, fietsen";"2024";"Cornelis Douwesterrein-Oost";"       2"
"1.2.3 Diefstal van brom-, snor-, fietsen";"2024";"NDSM terrein";"      74"
"1.2.3 Diefstal van brom-, snor-, fietsen";"2024";"Buiksloterham-Zuid";"      29"
"1.2.3 Diefstal van brom-, snor-, fietsen";"2024";"Buiksloterham-Noord";"      44"
"1.2.3 Diefstal van brom-, snor-, fietsen";"2024";"Klaprozenbuurt";"       5"
"1.2.3 Diefstal van brom-, snor-, fietsen";"2024";"Overhoeks";"      77"
"1.2.3 Diefstal van brom-, snor-, fietsen";"2024";"Tuindorp Oostzaan-West";"       2"
"1.2.3 Diefstal van brom-, snor-, fietsen";"2024";"Tuindorp Oostzaan-Oost";"      18"
"1.2.3 Diefstal van brom-, snor-, fietsen";"2024";"Terrasdorp";"      15"
"1.2.3 Diefstal van brom-, snor-, fietsen";"2024";"De Bongerd";"      36"
"1.2.3 Diefstal van brom-, snor-, fietsen";"2024";"Twiske-Oost";"       5"
"1.2.3 Diefstal van brom-, snor-, fietsen";"2024";"Kadoelen";"      21"
"1.2.3 Diefstal van brom-, snor-, fietsen";"2024";"Banne-Noordwest";"       7"
"1.2.3 Diefstal van brom-, snor-, fietsen";"2024";"Banne-Noordoost";"      12"
"1.2.3 Diefstal van brom-, snor-, fietsen";"2024";"Banne-Zuidwest";"      22"
"1.2.3 Diefstal van brom-, snor-, fietsen";"2024";"Banne-Zuidoost";"      38"
"1.2.3 Diefstal van brom-, snor-, fietsen";"2024";"Buiksloterbreek";"       3"
"1.2.3 Diefstal van brom-, snor-, fietsen";"2024";"Marjoleinterrein";"       4"
"1.2.3 Diefstal van brom-, snor-, fietsen";"2024";"Buiksloterdijk-West";"       6"
"1.2.3 Diefstal van brom-, snor-, fietsen";"2024";"Buiksloterdijk-Oost";"       2"
"1.2.3 Diefstal van brom-, snor-, fietsen";"2024";"Nieuwendammerdijk-West";"      11"
"1.2.3 Diefstal van brom-, snor-, fietsen";"2024";"Nieuwendammerdijk-Oost";"       5"
"1.2.3 Diefstal van brom-, snor-, fietsen";"2024";"Nieuwendammerdijk-Zuid";"       0"
"1.2.3 Diefstal van brom-, snor-, fietsen";"2024";"Elzenhagen-Noord";"      22"
"1.2.3 Diefstal van brom-, snor-, fietsen";"2024";"Elzenhagen-Zuid";"      32"
"1.2.3 Diefstal van brom-, snor-, fietsen";"2024";"Nintemanterrein";"       1"
"1.2.3 Diefstal van brom-, snor-, fietsen";"2024";"Buikslotermeer-Noord";"      12"
"1.2.3 Diefstal van brom-, snor-, fietsen";"2024";"De Kleine Wereld";"       9"
"1.2.3 Diefstal van brom-, snor-, fietsen";"2024";"Loenermark";"      21"
"1.2.3 Diefstal van brom-, snor-, fietsen";"2024";"Buikslotermeerplein";"      50"
"1.2.3 Diefstal van brom-, snor-, fietsen";"2024";"Plan van Gool";"      20"
"1.2.3 Diefstal van brom-, snor-, fietsen";"2024";"Rode Kruisbuurt";"       5"
"1.2.3 Diefstal van brom-, snor-, fietsen";"2024";"Markengouw-Noord";"       8"
"1.2.3 Diefstal van brom-, snor-, fietsen";"2024";"Markengouw-Midden";"      11"
"1.2.3 Diefstal van brom-, snor-, fietsen";"2024";"Markengouw-Zuid";"       9"
"1.2.3 Diefstal van brom-, snor-, fietsen";"2024";"Werengouw-Noord";"       3"
"1.2.3 Diefstal van brom-, snor-, fietsen";"2024";"Werengouw-Midden";"      20"
"1.2.3 Diefstal van brom-, snor-, fietsen";"2024";"Werengouw-Zuid";"       6"
"1.2.3 Diefstal van brom-, snor-, fietsen";"2024";"Bloemenbuurt-Noord";"      34"
"1.2.3 Diefstal van brom-, snor-, fietsen";"2024";"Bloemenbuurt-Zuid";"      24"
"1.2.3 Diefstal van brom-, snor-, fietsen";"2024";"Van der Pekbuurt";"     115"
"1.2.3 Diefstal van brom-, snor-, fietsen";"2024";"Vogelbuurt-Noord";"      27"
"1.2.3 Diefstal van brom-, snor-, fietsen";"2024";"Vliegenbos";"       4"
"1.2.3 Diefstal van brom-, snor-, fietsen";"2024";"Vogelbuurt-Zuid";"      80"
"1.2.3 Diefstal van brom-, snor-, fietsen";"2024";"IJplein e.o.";"      13"
"1.2.3 Diefstal van brom-, snor-, fietsen";"2024";"Blauwe Zand";"       3"
"1.2.3 Diefstal van brom-, snor-, fietsen";"2024";"Tuindorp Nieuwendam-West";"       4"
"1.2.3 Diefstal van brom-, snor-, fietsen";"2024";"Tuindorp Nieuwendam-Oost";"      12"
"1.2.3 Diefstal van brom-, snor-, fietsen";"2024";"Hamerstraatkwartier-West";"      32"
"1.2.3 Diefstal van brom-, snor-, fietsen";"2024";"Hamerstraatkwartier-Oost";"       3"
"1.2.3 Diefstal van brom-, snor-, fietsen";"2024";"Bedrijventerrein Nieuwendammerdijk";"       0"
"1.2.3 Diefstal van brom-, snor-, fietsen";"2024";"Noorderstrook-West";"       1"
"1.2.3 Diefstal van brom-, snor-, fietsen";"2024";"Noorderstrook-Oost";"       1"
"1.2.3 Diefstal van brom-, snor-, fietsen";"2024";"Zunderdorp";"       1"
"1.2.3 Diefstal van brom-, snor-, fietsen";"2024";"Schellingwoude-West";"       1"
"1.2.3 Diefstal van brom-, snor-, fietsen";"2024";"Schellingwoude-Oost";"      10"
"1.2.3 Diefstal van brom-, snor-, fietsen";"2024";"Schellingwoude-Noord";"       1"
"1.2.3 Diefstal van brom-, snor-, fietsen";"2024";"Zwarte Gouw";"       0"
"1.2.3 Diefstal van brom-, snor-, fietsen";"2024";"Holysloot";"       0"
"1.2.3 Diefstal van brom-, snor-, fietsen";"2024";"Ransdorp";"       1"
"1.2.3 Diefstal van brom-, snor-, fietsen";"2024";"Durgerdam";"       6"
"1.2.3 Diefstal van brom-, snor-, fietsen";"2024";"Landelijk gebied Driemond";"       1"
"1.2.3 Diefstal van brom-, snor-, fietsen";"2024";"Dorp Driemond";"       3"
"1.2.3 Diefstal van brom-, snor-, fietsen";"2024";"Weespersluis-Noord";"       0"
"1.2.3 Diefstal van brom-, snor-, fietsen";"2024";"Waterrijk";"       1"
"1.2.3 Diefstal van brom-, snor-, fietsen";"2024";"Lanenrijk";"       2"
"1.2.3 Diefstal van brom-, snor-, fietsen";"2024";"Vechtrijk";"       1"
"1.2.3 Diefstal van brom-, snor-, fietsen";"2024";"Leeuwenveld";"      12"
"1.2.3 Diefstal van brom-, snor-, fietsen";"2024";"Bedrijventerrein Nijverheidslaan";"       2"
"1.2.3 Diefstal van brom-, snor-, fietsen";"2024";"Bedrijventerrein-Noord Weesp";"       1"
"1.2.3 Diefstal van brom-, snor-, fietsen";"2024";"Hogewey-Noord";"       3"
"1.2.3 Diefstal van brom-, snor-, fietsen";"2024";"Hogewey-Midden";"       5"
"1.2.3 Diefstal van brom-, snor-, fietsen";"2024";"Hogewey-Zuid";"       5"
"1.2.3 Diefstal van brom-, snor-, fietsen";"2024";"Weesp Dichtersbuurt";"      71"
"1.2.3 Diefstal van brom-, snor-, fietsen";"2024";"Weesp Schildersbuurt";"       2"
"1.2.3 Diefstal van brom-, snor-, fietsen";"2024";"Herensingelkwartier";"       5"
"1.2.3 Diefstal van brom-, snor-, fietsen";"2024";"Bedrijventerrein Van Houten";"       2"
"1.2.3 Diefstal van brom-, snor-, fietsen";"2024";"Weesp Centrum";"      16"
"1.2.3 Diefstal van brom-, snor-, fietsen";"2024";"Weesp-Zuid I";"       2"
"1.2.3 Diefstal van brom-, snor-, fietsen";"2024";"Weesp-Zuid II";"       1"
"1.2.3 Diefstal van brom-, snor-, fietsen";"2024";"De Klomp";"       0"
"1.2.3 Diefstal van brom-, snor-, fietsen";"2024";"Aetsveldsepolder";"       5"
"1.2.3 Diefstal van brom-, snor-, fietsen";"2024";"Aetsveld-Zuid";"       0"
"1.2.3 Diefstal van brom-, snor-, fietsen";"2024";"Aetsveld-Noord";"       0"
"1.2.3 Diefstal van brom-, snor-, fietsen";"2024";"Oostelijke Vechtoever";"       1"
"1.2.3 Diefstal van brom-, snor-, fietsen";"2024";"Hoofdcentrum-Zuidoost";"      62"
"1.2.3 Diefstal van brom-, snor-, fietsen";"2024";"Amstel III deel C/D-Noord";"       5"
"1.2.3 Diefstal van brom-, snor-, fietsen";"2024";"Amstel III deel A/B-Noord";"      60"
"1.2.3 Diefstal van brom-, snor-, fietsen";"2024";"Amstel III deel C/D-Zuid";"       3"
"1.2.3 Diefstal van brom-, snor-, fietsen";"2024";"Amstel III deel A/B-Zuid";"      15"
"1.2.3 Diefstal van brom-, snor-, fietsen";"2024";"AMC";"      16"
"1.2.3 Diefstal van brom-, snor-, fietsen";"2024";"Hoge Dijk";"       2"
"1.2.3 Diefstal van brom-, snor-, fietsen";"2024";"Venserpolder-West";"      36"
"1.2.3 Diefstal van brom-, snor-, fietsen";"2024";"Venserpolder-Oost";"      13"
"1.2.3 Diefstal van brom-, snor-, fietsen";"2024";"D-buurt";"      49"
"1.2.3 Diefstal van brom-, snor-, fietsen";"2024";"F-buurt";"      31"
"1.2.3 Diefstal van brom-, snor-, fietsen";"2024";"Amsterdamse Poort";"     164"
"1.2.3 Diefstal van brom-, snor-, fietsen";"2024";"Vogeltjeswei";"       1"
"1.2.3 Diefstal van brom-, snor-, fietsen";"2024";"Nelson Mandelapark";"       2"
"1.2.3 Diefstal van brom-, snor-, fietsen";"2024";"Hoptille";"      28"
"1.2.3 Diefstal van brom-, snor-, fietsen";"2024";"Rechte H-buurt";"      26"
"1.2.3 Diefstal van brom-, snor-, fietsen";"2024";"Hakfort/Huigenbos";"      13"
"1.2.3 Diefstal van brom-, snor-, fietsen";"2024";"Huntum";"       1"
"1.2.3 Diefstal van brom-, snor-, fietsen";"2024";"E-buurt";"      13"
"1.2.3 Diefstal van brom-, snor-, fietsen";"2024";"G-buurt-West";"      29"
"1.2.3 Diefstal van brom-, snor-, fietsen";"2024";"G-buurt-Noord";"       6"
"1.2.3 Diefstal van brom-, snor-, fietsen";"2024";"G-buurt-Oost";"       6"
"1.2.3 Diefstal van brom-, snor-, fietsen";"2024";"Grunder/Koningshoef";"       0"
"1.2.3 Diefstal van brom-, snor-, fietsen";"2024";"Kantershof";"       1"
"1.2.3 Diefstal van brom-, snor-, fietsen";"2024";"Bijlmermuseum-Noord";"       9"
"1.2.3 Diefstal van brom-, snor-, fietsen";"2024";"Bijlmermuseum-Zuid";"      22"
"1.2.3 Diefstal van brom-, snor-, fietsen";"2024";"De Kameleon e.o.";"      19"
"1.2.3 Diefstal van brom-, snor-, fietsen";"2024";"Gooise Kant";"       1"
"1.2.3 Diefstal van brom-, snor-, fietsen";"2024";"Kortvoort";"      16"
"1.2.3 Diefstal van brom-, snor-, fietsen";"2024";"Kelbergen";"       0"
"1.2.3 Diefstal van brom-, snor-, fietsen";"2024";"K-buurt-Zuidwest";"       0"
"1.2.3 Diefstal van brom-, snor-, fietsen";"2024";"K-buurt-Zuidoost";"       4"
"1.2.3 Diefstal van brom-, snor-, fietsen";"2024";"Holendrecht-West";"      19"
"1.2.3 Diefstal van brom-, snor-, fietsen";"2024";"Holendrecht-Oost";"       3"
"1.2.3 Diefstal van brom-, snor-, fietsen";"2024";"Holendrecht-Zuid";"      19"
"1.2.3 Diefstal van brom-, snor-, fietsen";"2024";"L-buurt";"      19"
"1.2.3 Diefstal van brom-, snor-, fietsen";"2024";"Gaasperpark";"       6"
"1.2.3 Diefstal van brom-, snor-, fietsen";"2024";"Gaasperplas";"       1"
"1.2.3 Diefstal van brom-, snor-, fietsen";"2024";"Reigersbos 1";"      19"
"1.2.3 Diefstal van brom-, snor-, fietsen";"2024";"Reigersbos 2";"       9"
"1.2.3 Diefstal van brom-, snor-, fietsen";"2024";"Reigersbos 3";"       5"
"1.2.3 Diefstal van brom-, snor-, fietsen";"2024";"Reigersbos 4";"       0"
"1.2.3 Diefstal van brom-, snor-, fietsen";"2024";"Gein 1";"       7"
"1.2.3 Diefstal van brom-, snor-, fietsen";"2024";"Gein 2";"       5"
"1.2.3 Diefstal van brom-, snor-, fietsen";"2024";"Gein 3";"       2"
"1.2.3 Diefstal van brom-, snor-, fietsen";"2024";"Gein 4";"       4"
